,Lower Boundaries,,,,,,,,,,,,Upper Boundaries,,,,,,,,,,,
States,Danceability,Energy,Key,Loudness,Mode,Speechiness,Acousticness,Instrumentalness,Liveness,Valence,Tempo,Time Signature,Danceability,Energy,Key,Loudness,Mode,Speechiness,Acousticness,Instrumentalness,Liveness,Valence,Tempo,Time Signature
TEMPO,0.44875,0.79525,2.75,-5.74675,0,0.03985,0.00100825,0,0.099925,0.442,99.925,4,0.583,0.932,9,-3.63525,1,0.090075,0.0737,0.0018225,0.27225,0.822,170.1,4
FALLOFF,0.48,0.795,1,-6.863,0,0.0504,0.00177,0.00000535,0.14,0.529,112.019,4,0.777,0.896,9,-4.587,1,0.0906,0.343,0.00805,0.282,0.754,176.811,4
WARMUP,0.43225,0.742,1,-7.337,0,0.038575,0.0038875,6.375E-07,0.08665,0.3955,124.38525,4,0.61725,0.89325,6.5,-4.84325,1,0.12425,0.063,0.0152175,0.2725,0.74275,155.44175,4
RACE,0.3975,0.821,2,-5.242,0,0.05185,0.0003015,0,0.092625,0.37625,101.27225,4,0.6635,0.96225,6.75,-3.1575,1,0.107225,0.024405,0.0015385,0.227,0.6715,161.50675,4
COOLDOWN,0.456,0.609,5.25,-6.439,0,0.082225,0.0704,0,0.06795,0.372,86.368,4,0.55175,0.8,7,-5.76125,1,0.377,0.617,0.00206375,0.08405,0.51375,142.4865,4
